Atom,Ox,Z,#e,E_IQA_Intra(A)_a,T(A)_a,"Vne(A,A)_a","Vee(A,A)_a","VeeC(A,A)_a","VeeX(A,A)_a",E_IQA_Intra(A)_b,T(A)_b,"Vne(A,A)_b","Vee(A,A)_b","VeeC(A,A)_b","VeeX(A,A)_b",E_IQA_Intra(A),T(A),"Vne(A,A)","Vee(A,A)","VeeC(A,A)","VeeX(A,A)",N_alpha(A),N_beta(A),N_total(A),N_spin(A),IE,"Vee_ab(A,A)","E_IQA_Intra(A)_a/Vee_ab(A,A)","E_IQA_Intra(A)_b/Vee_ab(A,A)","E_IQA_Intra(A)/Vee_ab(A,A)","1/Vee_ab(A,A)",E_IQA_Intra(A)_a+E_IQA_Intra(A)_b,IE_AE,Type,EA
He,0.0,2.0,2.0,-1.9656023787,1.4502925824,-3.3754337725,-0.04046118858,0.5121560189500001,-0.55261720753,-1.9656023787,1.4502925824,-3.3754337725,-0.04046118858,0.5121560189500001,-0.55261720753,-2.9068936988,2.9005840542000003,-6.7508674519000005,0.94338969898,2.0486241692,-1.1052344702,0.99999997065,0.99999997065,1.9999999413,0.0,0.9035699381999472,1.0243110586000004,-1.918950656831266,-1.918950656831266,-2.837901313662532,0.9762659414873172,-3.9312047574,0.9035699381999472,IE,
Li,0.0,3.0,3.0,-4.9639188286,3.8353284163,-9.1076708671,0.30842362213,1.2665308757,-0.9581072535299998,-4.4413259592,3.59737204,-8.0386979979,-1.2666616764e-09,0.82316673634,-0.8231667376,-7.4326763212,7.4327081063,-17.146369338,2.2809849105,4.0622589846,-1.7812740741,1.9999282353,1.000000001,2.9999282363,0.99992823432,0.19814188418086556,1.9725684666000007,-2.5164747955015274,-2.2515446406051747,-3.768019436106703,0.5069532525396396,-9.4052447878,0.19814188418086556,IE,
Li,1.0,3.0,2.0,-4.444029734,3.6182905658,-8.0623202999,-1.2807073073e-16,0.82583769843,-0.82583769843,-4.444029734,3.6182905658,-8.0623202999,-1.2807073073e-16,0.82583769843,-0.82583769843,-7.2363834791,7.2365813904,-16.124640299,1.6516754294,3.3033508588,-1.6516754294,0.9999996694,0.9999996694,1.9999993388,0.0,2.779722472408561,1.6516759889,-2.690618356061276,-2.690618356061276,-4.381236712122552,0.60544562415416,-8.888059468,2.779722472408561,IE,
Be,0.0,4.0,4.0,-9.1292705078,7.3075206036,-16.846984621,0.4101935094600001,1.8022920597,-1.3920985503,-9.1292705078,7.3075206036,-16.846984621,0.4101935094600001,1.8022920597,-1.3920985503,-14.653950278,14.615048540999998,-33.693970156999995,4.424971337900001,7.2091687913,-2.7841974534,1.9999999016,1.9999999016,3.9999998033,0.0,0.34260289108038583,3.604590737599999,-2.5326787900138785,-2.5326787900138785,-4.065357580027757,0.27742400532988604,-18.2585410156,0.34260289108038583,IE,
Be,1.0,4.0,3.0,-9.157973416699999,7.5076525825,-17.178000669,0.51237467021,1.8843265824,-1.3719519122,-7.9402983209,6.7684996308,-14.70879795,-2.1016743796e-09,1.1347948840000002,-1.1347948861,-14.277234915,14.276149231,-31.886798458,3.3334143123000004,5.8401612382,-2.5067469259,2.0000000179,1.0000000066,3.0000000245,1.0000000113,0.6692474614806901,2.8210368226000018,-3.2463147390821985,-2.814673760118396,-5.0609884992005965,0.3544795984188368,-17.0982717376,0.6692474614806901,IE,
Be,2.0,4.0,2.0,-7.9438075233,6.8017386714,-14.745546195,1.8923731359000002e-15,1.1382528726,-1.1382528726,-7.9438075233,6.8017386714,-14.745546195,1.8923731359000002e-15,1.1382528726,-1.1382528726,-13.611152759000001,13.603482460999999,-29.491140980999997,2.2765057602,4.5530115203,-2.2765057602,1.0000000531,1.0000000531,2.0000001061000003,0.0,5.655581582039679,2.2764622876,-3.489540576433137,-3.489540576433137,-5.979081152866275,0.43927808751634,-15.8876150466,5.655581582039679,IE,
B,0.0,5.0,5.0,-15.87059364,12.678356088,-30.005833438000003,1.4568837103,3.6076769624,-2.1507932521,-14.487415399000001,11.914380782,-26.944474704,0.54267852295,2.3288099191,-1.7861313962,-24.654055144,24.592736631999998,-56.950308206,7.7035164302,11.640441859000001,-3.9369254284,3.0000000669,2.0000000604,5.0000001274,1.0000000065,0.3049465932172617,5.7039538950000015,-2.7823846286541545,-2.5398899895911584,-4.322274618245314,0.17531698509635302,-30.358009039000002,0.3049465932172617,IE,
B,1.0,5.0,4.0,-14.590432851,12.145890939000001,-27.328018428000004,0.59169463697,2.4164850626,-1.8247904256,-14.590432851,12.145890939000001,-27.328018428000004,0.59169463697,2.4164850626,-1.8247904256,-24.347894927,24.291782706,-54.656037121000004,6.016359488099999,9.6659405266,-3.6495810385,2.0000000751,2.0000000751,4.0000001501,0.0,0.9244230112583944,4.832970775,-3.0189367017225552,-3.0189367017225552,-5.0378734034451105,0.2069120726267996,-29.180865702,0.9244230112583944,IE,
B,2.0,5.0,3.0,-14.598787740999999,12.445180267000001,-27.751843518,0.70787550957,2.4921684926,-1.784292983,-12.438795490999999,10.930593507000001,-23.369388996999998,-1.3166336741e-09,1.4460945554,-1.4460945567,-23.375329631,23.375776703000003,-51.121234058999995,4.3701277251,7.6005153034,-3.2303875783,2.0000025956,1.0000000694,3.000002665,1.0000025262,1.3939235616622154,3.662253600999996,-3.9862853126866282,-3.3964866571783903,-6.3827719698650185,0.2730559128201677,-27.037583232,1.3939235616622154,IE,
B,3.0,5.0,2.0,-12.44366447,10.988771575,-23.432436044,1.0348699247999999e-17,1.4508395145,-1.4508395145,-12.44366447,10.988771575,-23.432436044,1.0348699247999999e-17,1.4508395145,-1.4508395145,-21.985648705,21.97754108,-46.86486882,2.9016790352,5.8033580703,-2.9016790352,0.99999979069,0.99999979069,1.9999995814,0.0,9.53172742827547,2.9016802350000006,-4.288434101009754,-4.288434101009754,-7.576868202019508,0.3446279117657497,-24.88732894,9.53172742827547,IE,
C,0.0,6.0,6.0,-25.161738802,20.179702336,-48.854647209,3.5132060714,6.6439445189,-3.1307384475,-21.054223838,17.598771382,-39.328496674,0.6755014535699999,2.842450522,-2.1669490685,-37.850685315,37.778473752,-88.183143303,12.553984235,17.851672055,-5.2976878197,3.9999998106,1.999999953,5.9999997637,1.9999998576,0.4138079780541853,8.365277325000001,-3.0078786182979287,-2.5168590376649584,-4.524737655962888,0.11954176307000078,-46.21596264,0.4138079780541853,IE,
C,1.0,6.0,5.0,-23.613172486999996,19.48507995,-45.132612096,2.0343596595,4.7704370644,-2.7360774049,-21.178359209,17.872084541,-39.772351758,0.72190800787,2.9275953675,-2.2056873597,-37.437239345,37.357162528,-84.904964033,10.110562159,15.052327352999999,-4.9417651943,2.9999998995,2.0000000021,4.9999999016,0.9999998974299998,0.8960644394995778,7.354292350999991,-3.2108014422066358,-2.879727674426799,-5.090529116633434,0.13597501326745953,-44.79153169599999,0.8960644394995778,IE,
C,2.0,6.0,4.0,-21.297371062,18.243363474000002,-40.309178730999996,0.7684441946100001,3.0237428995,-2.2552987049,-21.297371062,18.243363474000002,-40.309178730999996,0.7684441946100001,3.0237428995,-2.2552987049,-36.547255295,36.486727732,-80.618357336,7.5843743099,12.094971962999999,-4.5105976528,1.999999988,1.999999988,3.999999976,0.0,1.7598435684152711,6.0474868289999995,-3.521689532231968,-3.521689532231968,-6.043379064463936,0.16535794591641267,-42.594742124,1.7598435684152711,IE,
C,3.0,6.0,3.0,-21.285865568,18.637023776,-40.821312269,0.89842292532,3.0929326962,-2.1945097709,-17.937893483,16.094824651,-34.032718133,-7.5782443218e-10,1.7578754269,-1.7578754277000002,-34.724759256,34.731847641,-74.85403055,5.3974236522000005,9.3498088757,-3.9523852235,2.0000006099000003,0.99999999701,3.0000006069,1.0000006129,2.37009329679642,4.498999795000003,-4.7312439515236715,-3.987084752245469,-7.7183287037691395,0.2222716260426056,-39.223759051,2.37009329679642,IE,
C,4.0,6.0,2.0,-17.943452367,16.175359227999998,-34.118811595,3.7629438791e-15,1.7632728731,-1.7632728731,-17.943452367,16.175359227999998,-34.118811595,3.7629438791e-15,1.7632728731,-1.7632728731,-32.360359135,32.350717151,-68.237622036,3.5265457502999995,7.053091500599999,-3.5265457502999995,0.99999992363,0.99999992363,1.9999998473,0.0,14.409061692542693,3.526545598999995,-5.0881101245615925,-5.0881101245615925,-9.176220249123183,0.28356360974988243,-35.886904734,14.409061692542693,IE,
N,0.0,7.0,7.0,-37.334030117,30.161049318000003,-74.38604942,6.890969985599999,11.232660282000001,-4.3416902967,-28.833206406,24.357997459,-54.002132954,0.810929089,3.349283278,-2.538354189,-54.591450853999994,54.519048242,-128.3881826,19.2776835,26.15772836,-6.8800448597,4.9999999894,1.9999999966,6.9999999860000015,2.9999999928,0.534119460184027,11.575785669000005,-3.225183256198381,-2.4908206864278277,-4.71600394262621,0.0863872249015463,-66.167236523,0.534119460184027,IE,
N,1.0,7.0,6.0,-35.506148726,29.289485931999998,-69.44482171,4.6491870518,8.521801930499999,-3.8726148787,-28.979380025999998,24.672616385,-54.507193691000005,0.8551972803100001,3.4328820097,-2.5776847294,-54.060518235,53.962102019,-123.95201544,15.929395185999999,22.379695143000003,-6.4502999568,4.0000001617,1.9999999955,6.0000001573000015,2.0000001662,1.0878259428512356,10.42501051699999,-3.4058621493091423,-2.7797938408545035,-5.185655990163647,0.0959231646212066,-64.485528752,1.0878259428512356,IE,
N,2.0,7.0,5.0,-32.841595592,27.804410256,-63.240107715,2.594101867,5.9064543452999985,-3.3123524783,-29.12474365,25.093994653000003,-55.12142765300001,0.90268934999,3.5290533847,-2.6263640347,-52.978874035,52.89840535,-118.36153552,12.484256137000001,18.422972746,-5.938716609299999,2.9999999155,2.000000019,4.9999999345,0.99999989657,1.7435827272956288,8.987465207,-3.6541555194473414,-3.2405959833163887,-5.894751502763731,0.111266077472115,-61.966339242,1.7435827272956288,IE,
N,3.0,7.0,4.0,-29.251111501,25.594860053,-55.7886329,0.94266134548,3.6268330709,-2.6841717255,-29.251111501,25.594860053,-55.7886329,0.94266134548,3.6268330709,-2.6841717255,-51.248555775,51.189720941000004,-111.57726566,9.138988941100001,14.507332539,-5.3683435984,2.0000000243,2.0000000243,4.0000000487000005,0.0,2.8470987942565,7.253667227,-4.032596283452307,-4.032596283452307,-7.065192566904613,0.13786130087106074,-58.502223002,2.8470987942565,IE,
N,4.0,7.0,3.0,-29.221594406999998,26.08310345,-56.392089478,1.0873916208,3.6914864754,-2.6040948547,-24.437133682,22.258783452,-46.695917134,-2.4799601911e-10,2.0698049411,-2.0698049413,-48.324338809,48.341887755,-103.08800664,6.4217800777999985,11.09567989,-4.6738998125,2.000000072,1.0000000068,3.0000000788,1.0000000652,3.597395053529893,5.3343892799999955,-5.477964369147056,-4.581055562184246,-9.059019931331301,0.1874628842235527,-53.65872808899999,3.597395053529893,IE,
N,5.0,7.0,2.0,-24.443179246,22.361690769000006,-46.804870015,5.1644250642e-15,2.0756595356,-2.0756595356,-24.443179246,22.361690769000006,-46.804870015,5.1644250642e-15,2.0756595356,-2.0756595356,-44.735036932,44.72338431399999,-93.609740321,4.1513190754,8.3026381508,-4.1513190754,1.0000000148,1.0000000148,2.0000000295,0.0,20.288101474586856,4.15132156,-5.888047671739503,-5.888047671739503,-10.776095343479009,0.2408871453455897,-48.886358492,20.288101474586856,IE,
O,0.0,8.0,8.0,-50.05503052,40.261699979,-98.351233351,8.0345028527,13.052148115,-5.0176452628,-42.49645308,34.718928813000005,-79.75101909,2.5356371973,6.084687893,-3.5490506957,-75.048245937,74.980628083,-178.10225271,28.073378691,36.640074897,-8.566696206,4.9999999082,2.9999998774,7.999999785599999,2.0000000308000003,0.5004543227118782,17.503237663000007,-2.859758376349482,-2.4279195596956904,-4.2876779360451724,0.05713228713759023,-92.5514836,0.5004543227118782,IE,
O,1.0,8.0,7.0,-50.608275133999996,41.912224699,-101.27152338,8.7510235506,13.997597397,-5.2465738464,-37.994706204,32.545823249,-71.532409998,0.9918805444299998,3.9345167245,-2.9426361801,-74.562697479,74.458048586,-172.80393355,23.783187487,31.972397766999997,-8.1892102801,4.9999999422000005,1.9999999786,6.9999999209000014,2.9999999636,1.2906774368647065,14.040283859000013,-3.604505125554097,-2.706120943533836,-5.310626069087934,0.07122363123442027,-88.60298133799999,1.2906774368647065,IE,
O,2.0,8.0,6.0,-47.58482050600001,40.171076835,-93.51612024,5.760222899,10.362177461,-4.6019545622,-38.167057745,33.015872833,-72.222647073,1.0397164952,4.0304761144,-2.9907596192000003,-73.279358859,73.186948996,-165.73876657,19.272458713,26.865172953000002,-7.592714240399999,3.9999999342,2.0000000069,5.999999941,1.9999999273,2.018843987890436,12.47251939200001,-3.8151731025987705,-3.0600920748602487,-5.87526517745902,0.08017626339722585,-85.75187825100001,2.018843987890436,IE,
O,3.0,8.0,5.0,-43.561479585,37.634293293,-84.34079718699999,3.1450243091,7.0277662102,-3.8827419011,-38.320381257,33.571056067,-72.974358463,1.0829211389,4.1292657252,-3.0463445862,-71.273715343,71.205349448,-157.31515557,14.836090775999999,21.765177306,-6.9290865302,3.0000000026,2.0000000044,5.0000000069,0.9999999981799998,2.844893834784481,10.608145499000003,-4.1064179963506735,-3.6123544177078215,-6.718772414058496,0.0942671836556415,-81.88186084200002,2.844893834784481,IE,
O,4.0,8.0,4.0,-38.453488035999996,34.200537372,-73.769940815,1.115915407,4.2281809644,-3.1122655574,-38.453488035999996,34.200537372,-73.769940815,1.115915407,4.2281809644,-3.1122655574,-68.450613662,68.401075158,-147.53988165,10.688192829,16.912724029,-6.2245312005,2.0000000123,2.0000000123,4.0000000245,0.0,4.1857113150563885,8.456362409999997,-4.5472847746599845,-4.5472847746599845,-8.094569549319969,0.11825415604438368,-76.90697607199999,4.1857113150563885,IE,
O,5.0,8.0,3.0,-38.40672606,34.782229066999996,-74.464704502,1.2757493747,4.289237329,-3.0134879543,-31.936444323000003,29.422015585,-61.358459905,-3.0687779241999997e-09,2.3818231561000003,-2.3818231592,-64.173903032,64.204244615,-135.82316444,7.4450167895,12.840327917,-5.3953111271,2.0000008455,0.99999999972,3.0000008452,1.0000008458,5.075776280328551,6.169267351000003,-6.2254922464617275,-5.17669968020162,-10.402191926663347,0.16209380192250966,-70.343170383,5.075776280328551,IE,
O,6.0,8.0,2.0,-31.94285682,29.547529419,-61.490386238999996,-1.9330471585999997e-15,2.3880238111,-2.3880238111,-31.94285682,29.547529419,-61.490386238999996,-1.9330471585999997e-15,2.3880238111,-2.3880238111,-59.109668931,59.09505766,-122.98077422,4.7760476253,9.552095250599999,-4.7760476253,0.99999998915,0.99999998915,1.9999999783,0.0,27.169761612092906,4.776044708999997,-6.6881402428680685,-6.6881402428680685,-12.37628048573614,0.2093782744779579,-63.88571364,27.169761612092906,IE,
F,0.0,9.0,9.0,-64.595272544,51.676826049,-125.40922616,9.1371275644,14.808231732000001,-5.6711041676,-59.758928941,47.947586961999995,-113.26794635,5.5614304483,10.362303371,-4.8008729226,-99.685904568,99.624412429,-238.67717328,39.366856286,49.838833635,-10.471977349,4.9999998456,3.9999999643,8.9999998099,0.99999988128,0.6402768664710905,24.668296917000013,-2.6185542018299834,-2.4224991754423666,-4.041053377272351,0.040537861343433734,-124.354201485,0.6402768664710905,IE,
F,1.0,9.0,8.0,-65.319899818,53.588222321,-128.77757645,9.8694543095,15.782175701,-5.9127213915,-54.716336781,45.356052072,-103.17545433,3.1030654802,7.2120741737,-4.1090086935,-99.06523473899999,98.94427487,-231.95303171,33.943522101,43.965252473999996,-10.021730372999999,4.9999999062,2.9999999379,7.999999843999999,1.9999999683,1.2851536458940558,20.971001860000012,-3.114772496520104,-2.6091427174667157,-4.723915213986821,0.0476848939633826,-120.03623659899999,1.2851536458940558,IE,
F,2.0,9.0,7.0,-65.87149441300001,55.694407788999996,-132.14723587,10.581333662999999,16.722083327,-6.1407496632,-48.425385337,42.009971309,-91.61462706,1.1792704134999998,4.5294999611,-3.3502295476,-97.79576505700001,97.70437918299999,-223.76186283,28.261718591999998,37.752697833,-9.4909792406,5.000000028500001,1.9999999979,7.0000000264,3.0000000306,2.3044759078686345,16.501114693000005,-3.991942098368881,-2.93467358041834,-5.926615678787222,0.060601966509826966,-114.29687975000002,2.3044759078686345,IE,
F,3.0,9.0,6.0,-61.403643153000004,52.815787283,-121.07320525,6.8537748166,12.178108583,-5.324333766700001,-48.607092813,42.618931043,-92.450695291,1.2246714348,4.6289903537,-3.4043189188,-95.50418455399999,95.434718495,-213.52390078,22.584997733,31.313650488,-8.728652755399999,4.0000000368,1.9999999997,6.0000000364,2.0000000371,3.2036223662195504,14.506551412000007,-4.232821530705507,-3.3506993793708677,-6.5835209100763725,0.06893437120918945,-110.010735966,3.2036223662195504,IE,
F,4.0,9.0,5.0,-55.778135268,48.97627758,-108.44557509,3.6911622379,8.142883964700001,-4.4517217268,-48.764618046,43.301707302,-93.328458723,1.2621333752,4.728079055199999,-3.46594568,-92.320720454,92.27798529799999,-201.77403358,17.175327831,25.092995290999998,-7.9176674603,3.00000001,2.000000004,5.000000013999999,1.0000000059,4.198573578643159,12.222032860000011,-4.563736320047822,-3.9898942021008397,-7.553630522148661,0.08181944946922676,-104.542753314,4.198573578643159,IE,
F,5.0,9.0,4.0,-48.904446336999996,44.060619301,-94.253217007,1.2881513691,4.8281427515,-3.5399913824,-48.904446336999996,44.060619301,-94.253217007,1.2881513691,4.8281427515,-3.5399913824,-88.1526073,88.12123844799999,-188.50643402,12.23258827,19.31257105,-7.079982779600001,2.0000000269,2.0000000269,4.0000000537,0.0,5.775638134105231,9.656285373999992,-5.064519578996449,-5.064519578996449,-9.129039157992898,0.10355949117789616,-97.80889267399999,5.775638134105231,IE,
F,6.0,9.0,3.0,-48.840739209,44.736369542,-95.04056760799999,1.4634588567,4.8860332517,-3.422574395,-40.435778242,37.584744039,-78.020522281,-1.4041761254e-11,2.6938888003,-2.6938888003,-82.272961177,82.321113596,-173.06108992,8.4670151424,14.583478348,-6.116463205800001,2.000000091,0.99999999391,3.0000000849,1.0000000971,6.805489812545186,7.00355627399999,-6.973705543041956,-5.773606530744077,-11.747312073786032,0.14278460268997925,-89.27651745099999,6.805489812545186,IE,
F,7.0,9.0,2.0,-40.442453296,37.732318012,-78.174771308,-4.604386471399999e-15,2.7003332608,-2.7003332608,-40.442453296,37.732318012,-78.174771308,-4.604386471399999e-15,2.7003332608,-2.7003332608,-75.484240068,75.464636024,-156.34954262,5.400666524,10.801333048,-5.400666524,0.99999995391,0.99999995391,1.9999999078,0.0,35.0551090114507,5.400666523999988,-7.48841890464409,-7.48841890464409,-13.97683780928818,0.18516233053014966,-80.884906592,35.0551090114507,IE,
Ne,0.0,10.0,10.0,-80.94637006100001,64.401994718,-155.56073243,10.212367656,16.519730595,-6.3073629393,-80.94637006100001,64.401994718,-155.56073243,10.212367656,16.519730595,-6.3073629393,-128.85328159,128.80398654,-311.12146503,53.464196898999994,66.078923208,-12.614726309000002,5.000000106,5.000000106,10.000000212,0.0,0.7924823156278578,33.03945853200002,-2.4499908187841593,-2.4499908187841593,-3.899981637568318,0.03026683984640548,-161.89274012200002,0.7924823156278578,IE,
Ne,1.0,10.0,9.0,-81.86046237800001,66.58940461600001,-159.41377164,10.963904649000002,17.525634275,-6.561729625599999,-75.347469351,61.360751655,-143.3873158,6.679094795399999,12.2012509,-5.5221561043,-128.08443337,127.95015318,-302.80108757,46.766501029,58.850386772,-12.083885744000002,4.9999999623,3.9999999228,8.9999998851,1.0000000396,1.5053614783915166,29.123498359000003,-2.810804573300954,-2.587170964909697,-4.39797553821065,0.03433653428833255,-157.207931729,1.5053614783915166,IE,
Ne,2.0,10.0,8.0,-82.583901573,68.956029376,-163.23131128,11.69138033,18.494609003,-6.8032286723,-68.445758366,57.532165594,-129.64982436,3.6719004053,8.3419897693,-4.670089364,-126.59836584,126.48819565,-292.88113628,39.794574786999995,51.267892984,-11.473318197000001,4.9999999767,3.0000000181,7.9999999948,1.9999999586,2.3307634346940342,24.431294099000002,-3.380250806132298,-2.8015609033498383,-5.181811709482137,0.0409311105645006,-151.029659939,2.3307634346940342,IE,
Ne,3.0,10.0,7.0,-83.123148784,71.488778228,-166.9970966,12.385169587,19.410603578,-7.025433990800001,-60.111323367,52.737888874,-114.21725793,1.3680456927000002,5.1268999656,-3.7588542729,-124.28623851,124.22666702,-281.21435459,32.701449053000005,43.485737316000005,-10.784288262999999,5.000000003899999,1.9999999942,6.9999999981,3.0000000097000004,3.5716668514238954,18.948233640999973,-4.3868547516819225,-3.1723972010209858,-6.559251952702907,0.052775367823004425,-143.23447215099998,3.5716668514238954,IE,
Ne,4.0,10.0,6.0,-76.967729391,67.22523019399999,-152.13170297,7.9387433867,13.982592264,-6.0438488769,-60.296182669,53.475526932,-115.18070422,1.408994618,5.2267312635000005,-3.8177366455,-120.73216947,120.70075758,-267.31240725,25.879480194,35.741065737,-9.861585543099999,3.999999987,1.9999999995,5.9999999865,1.9999999876,4.639491974397701,16.531742589999993,-4.655754163360708,-3.6472974546236276,-7.303051617984336,0.06048969094189121,-137.26391206,4.639491974397701,IE,
Ne,5.0,10.0,5.0,-69.492847532,61.827695248999994,-135.5549686,4.2344258215,9.2545273866,-5.0201015652,-60.457801911000004,54.285262265,-116.18373315,1.440668979,5.3260494284,-3.8853804494,-116.11876621,116.11295739,-251.73870143,19.506977832,28.412459853,-8.905482021000001,3.0000000163,2.0000000047,5.000000021,1.0000000117,5.803967820894964,13.831883233,-5.024105999261511,-4.370901698097064,-8.395007697358574,0.07229673524240053,-129.950649443,5.803967820894964,IE,
Ne,6.0,10.0,4.0,-60.60464034899999,55.174343500000006,-117.23885883,1.4598749819,5.427496679600001,-3.9676216977,-60.60464034899999,55.174343500000006,-117.23885883,1.4598749819,5.427496679600001,-3.9676216977,-110.35428708,110.34868729,-234.47771775,13.774743378,21.709986802,-7.9352434246,2.000000006,2.000000006,4.000000012,0.0,7.6170692454108675,10.85499361799998,-5.5831115596884455,-5.5831115596884455,-10.166223119376893,0.09212349957919633,-121.20928069799999,7.6170692454108675,IE,
Ne,7.0,10.0,3.0,-60.524207688999994,55.94461784600001,-118.11977796,1.6509524275,5.4825565426999985,-3.8316041153,-49.935127892,46.746954093999996,-96.682081985,-1.2755622370999998e-09,3.0059916060000003,-3.0059916073000004,-102.62165051,102.69157233,-214.80186064,9.4886377907,16.326233522,-6.8375957313,2.0000005774000003,0.99999999971,3.0000005771,1.0000005777,8.786653248018306,7.837685070999997,-7.722204597495753,-6.3711577384964855,-13.09336233599224,0.12758869372030174,-110.459335581,8.786653248018306,IE,
Ne,8.0,10.0,2.0,-49.942010222,46.916734255,-96.858744477,5.9603508335000005e-15,3.0126348031,-3.0126348031,-49.942010222,46.916734255,-96.858744477,5.9603508335000005e-15,3.0126348031,-3.0126348031,-93.858762267,93.83346815,-193.71750003,6.0252696086,12.050539217,-6.0252696086,0.99999998805,0.99999998805,1.9999999761,0.0,43.94513039202398,6.025258176999997,-8.288775145377478,-8.288775145377478,-15.577550290754957,0.16596799184759653,-99.884020444,43.94513039202398,IE,
Na,0.0,11.0,11.0,-101.7166265,81.053583546,-196.50378045,13.733570397000001,20.804258528,-7.0706881313,-100.1040189,80.802131397,-193.22555345,12.31940315,19.266050418,-6.9466472679,-161.85795249,161.85570903,-389.72933602,66.015674505,80.033010026,-14.01733552,5.999755293,4.9999997695,10.999755062,0.99975552345,0.1888576070063616,39.96269290999999,-2.545289596201039,-2.504936770038104,-4.050226366239143,0.025023338698723356,-201.82064540000002,0.1888576070063616,IE,
Na,1.0,11.0,10.0,-100.11388441,80.82459036600001,-193.26493545,12.32646068,19.275898557999998,-6.9494378782,-100.11388441,80.82459036600001,-193.26493545,12.32646068,19.275898557999998,-6.9494378782,-161.67598045,161.64917367,-386.52987318,63.204719059,77.103594891,-13.898875832,4.9999990834,4.9999990834,9.9999981668,0.0,1.737741789654253,38.55178837,-2.5968674513659145,-2.5968674513659145,-4.193734902731829,0.02593913388407616,-200.22776882,1.737741789654253,IE,
Mg,0.0,12.0,12.0,-123.82382299,99.826380089,-239.56931653,15.919113449000001,23.973483374,-8.0543699248,-123.82382299,99.826380089,-239.56931653,15.919113449000001,23.973483374,-8.0543699248,-199.70068482,199.65275491,-479.13863343,79.785193694,95.89393354200001,-16.108739848,5.9999958573,5.9999958573,11.999991715,0.0,0.2809940082247561,47.94696116,-2.5825165973876287,-2.5825165973876287,-4.1650331947752575,0.02085637912824088,-247.64764598,0.2809940082247561,IE,
Mg,1.0,12.0,11.0,-124.00547227,100.03063609,-240.21331689,16.17720853,24.208011389,-8.030802858200001,-121.37441674,99.32558810799999,-234.82872528,14.128720434000002,21.959784313000004,-7.831063879299999,-199.37049461,199.35622434,-475.04204292,76.31532397,92.17719090899999,-15.861866939,6.0000011142,4.9999999939,11.000001108,1.0000011203,0.5525360534301369,46.00939439999999,-2.695220701926909,-2.6380355212847584,-4.333256223211667,0.021734691643757003,-245.37988901,0.5525360534301369,IE,
Mg,2.0,12.0,10.0,-121.39909685,99.389463024,-234.93495802,14.146398154000002,21.984378485,-7.8379803316,-121.39909685,99.389463024,-234.93495802,14.146398154000002,21.984378485,-7.8379803316,-198.82943584,198.77892558,-469.86991757,72.261556156,87.93751715200001,-15.675960995,4.9999997876,4.9999997876,9.9999995753,0.0,2.9452231656937564,43.96875786000001,-2.7610308491439377,-2.7610308491439377,-4.522061698287875,0.022743421662810643,-242.79819369999998,2.9452231656937564,IE,
Al,0.0,13.0,13.0,-150.39660558,121.27506483,-291.83725001,20.165579597,29.426090465999998,-9.2605108686,-148.006216,120.65519386,-286.78052128,18.119111417,27.117633749,-8.9985223329,-242.00986075,241.93025875,-578.6177715,94.677652002,112.93668577,-18.259033768,6.9999997381,6.0000000315,12.99999977,0.9999997066700002,0.2199729675643663,56.39296083000002,-2.6669393372229493,-2.6245512528801886,-4.291490590103138,0.017732709637547854,-298.40282158,0.2199729675643663,IE,
Al,1.0,13.0,12.0,-148.1709128,120.84694201,-287.28005667,18.262201862999998,27.278921253000004,-9.01671939,-148.1709128,120.84694201,-287.28005667,18.262201862999998,27.278921253000004,-9.01671939,-241.7839824,241.69388376,-574.56011313,91.08224697200001,109.11568597,-18.033439000999998,6.000000024099998,6.000000024099998,12.000000047999999,0.0,0.6919364944477558,54.55784319999998,-2.7158498963536744,-2.7158498963536744,-4.43169979270735,0.018329170314415957,-296.3418256,0.6919364944477558,IE,
Al,2.0,13.0,11.0,-148.33031019999999,121.17603107,-288.02502383,18.51868256,27.501236615,-8.9825540546,-144.63384734,119.84063475,-280.39787626,15.923394175,24.634513766999998,-8.711119592100001,-241.02952354,241.01665754,-568.42290015,86.37671906899998,104.07039281,-17.693673745,5.9999999633000005,5.0000000212,10.999999985,0.99999994201,1.045431628074639,51.93463399999996,-2.8560961881429665,-2.7849208938297343,-4.6410170819727,0.01925497347300071,-292.96415754,1.045431628074639,IE,
Al,3.0,13.0,10.0,-144.68231391,119.99696680000001,-280.63782926,15.958548555999998,24.682759086999997,-8.7242105313,-144.68231391,119.99696680000001,-280.63782926,15.958548555999998,24.682759086999997,-8.7242105313,-239.99911630000003,239.99393109,-561.2756628999999,81.28261550100001,98.731036587,-17.448421086,5.0000002901,5.0000002901,10.00000058,0.0,4.409639649169633,49.36551152000001,-2.9308379363471846,-2.9308379363471846,-4.861675872694369,0.020257057391066608,-289.36462782,4.409639649169633,IE,
Si,0.0,14.0,14.0,-180.51798745,145.46418541,-351.59071117,25.608538315,36.216978834,-10.608440519,-174.23824771,143.4662406,-337.96496461,20.260476297,30.190418014000002,-9.9299417166,-289.03632179,288.9304283,-689.55567604,111.58892595,132.1273086,-20.538382654,8.0000001025,5.9999999913,14.000000094,2.0000001111000003,0.29956873381433424,65.71991336999997,-2.7467776233010586,-2.6512245493850095,-4.398002172686066,0.015216088225345759,-354.75623516,0.29956873381433424,IE,
Si,1.0,14.0,13.0,-177.93363914,144.92793311,-346.01068595,23.149113703,33.467017059,-10.317903356,-174.39847912,143.68200201,-338.46936785,20.388886716,30.339055416,-9.950168699299999,-288.73178481,288.6099373,-684.48005373,107.13833162,127.40640403,-20.26807241,7.0000001658,5.9999999674,13.000000133,1.0000001984,0.6006989464281025,63.60033345,-2.7976840605699693,-2.7421000749485853,-4.539784135518555,0.015723188004763522,-352.33211826,0.6006989464281025,IE,
Si,2.0,14.0,12.0,-174.58147209,143.99319694,-339.12007233,20.545403309,30.517899901,-9.972496592,-174.58147209,143.99319694,-339.12007233,20.545403309,30.517899901,-9.972496592,-288.12714152,287.9863962,-678.24014483,102.12660711,122.07160048,-19.944993366,6.0000000024,6.0000000024,12.000000005,0.0,1.2308451266050058,61.03580266,-2.860312545777538,-2.860312545777538,-4.7206250915550765,0.016383826482474568,-349.16294418,1.2308451266050058,IE,
Si,3.0,14.0,11.0,-174.71881658,144.41204241,-339.93291531,20.802056324000002,30.728357265,-9.9263009418,-169.88803265,142.34307153,-329.94044152,17.709337344,27.298715964,-9.5893786201,-286.81977008,286.75511746,-669.87335881,96.298471266,115.81415088,-19.515679611,6.0000017862,4.999999987200001,11.000001773,1.000001799,1.6589302907391572,57.78707915000001,-3.02349277987344,-2.939896515776745,-4.963389295650185,0.017304906472332057,-344.60684923,1.6589302907391572,IE,
Si,4.0,14.0,10.0,-169.94640758,142.55377064,-330.25164192,17.751463704000003,27.356756406,-9.605292702,-169.94640758,142.55377064,-330.25164192,17.751463704000003,27.356756406,-9.605292702,-285.17929856,285.10754476,-660.50328443,90.216441104,109.42702659999998,-19.210585495,4.9999999528,4.9999999528,9.9999999056,0.0,6.128574604500552,54.71351659999999,-3.1061137748181227,-3.1061137748181227,-5.212227549636245,0.018277019320670024,-339.89281516,6.128574604500552,IE,
P,0.0,15.0,15.0,-214.2864992,172.54511887,-419.17821366,32.346595592,44.438617827,-12.092022235,-202.546496,168.27543375,-393.19680814,22.374878391,33.225622255,-10.850743864000002,-340.94142459,340.82055604,-812.37502177,130.61304114,153.55580767,-22.942766531,9.000000033600003,5.999999986900001,15.00000002,3.0000000467000003,0.38537862709631704,75.89157061000003,-2.8235876195157315,-2.6688931902710022,-4.492480809786733,0.01317669395905522,-416.8329952,0.38537862709631704,IE,
P,1.0,15.0,14.0,-211.34694985,171.89612038,-412.49789403,29.254823798,41.009964059,-11.755140261,-202.70419513,168.50915327,-393.70381365,22.49046525,33.364760123,-10.874294874,-340.55580184,340.40527464,-806.20170657,125.24063009,147.87006553,-22.629435435999998,8.0000001537,5.999999987100001,14.000000141,2.0000001667,0.7265154038744335,73.49534313999997,-2.8756509027709267,-2.7580549524596725,-4.633705855230598,0.013606304253796293,-414.05114498,0.7265154038744335,IE,
P,2.0,15.0,13.0,-207.61371823,170.81713983,-404.46493599999997,26.034077946999997,37.395656466999995,-11.361578520999998,-202.88669033,168.83590404,-394.35757459,22.634980212,33.533854962,-10.898874749,-339.82616531,339.65304678,-798.82250998,119.34329790000001,141.60375142,-22.260453522,7.0000001698,5.9999999992,13.000000169000002,1.0000001706,1.1099266191325177,70.67424324999995,-2.937615016203235,-2.8707302830582497,-4.808345299261485,0.014149426354133628,-410.50040856,1.1099266191325177,IE,
P,3.0,15.0,12.0,-203.07653713,169.24418201,-395.11598049,22.795261361999998,33.719018286,-10.923756925,-203.07653713,169.24418201,-395.11598049,22.795261361999998,33.719018286,-10.923756925,-338.71503291,338.48837112,-790.23196356,113.02855953,134.87607344,-21.847513907,6.0000000762,6.0000000762,12.000000152,0.0,1.8905274738960816,67.43804134999999,-3.0113053858732814,-3.0113053858732814,-5.022610771746561,0.014828425914834197,-406.15307426,1.8905274738960816,IE,
P,4.0,15.0,11.0,-203.19259582,169.72833284,-395.97416089,23.053232227,33.918246548,-10.865014320999999,-197.13579444,166.82165198,-383.44435363,19.486907216,29.952626427,-10.465719211,-336.73459364,336.54999325,-779.4185183999999,106.13393151,127.46466508,-21.330733574,5.9999999856,5.0000000093,10.999999995,0.99999997628,2.389628870225254,63.59379661999998,-3.195163783570941,-3.099921767809686,-5.295085551380627,0.015724804197104727,-400.32839026,2.389628870225254,IE,
P,5.0,15.0,10.0,-197.19737916,167.06609044,-383.79450623,19.531036631,30.013797706,-10.482761073999999,-197.19737916,167.06609044,-383.79450623,19.531036631,30.013797706,-10.482761073999999,-334.36715779,334.13218993,-767.58901675,99.08966902200001,120.05519121,-20.965522189,4.9999998587,4.9999998587,9.9999997175,0.0,8.10065360694896,60.02760052999997,-3.2851118055509603,-3.2851118055509603,-5.5702236111019205,0.016659003377958285,-394.39475832,8.10065360694896,IE,
S,0.0,16.0,16.0,-247.68804949,200.77468317,-484.28589580000005,35.823163141,49.020569018,-13.197405877000001,-238.15064336,196.87844137,-462.79281176,27.763727031,39.971368249,-12.207641218,-397.78484763,397.65312485,-947.07870704,151.64073456,177.04578207,-25.40504751,9.000000013400001,6.9999999011,15.999999915,2.0000001124,0.3807233696616944,88.05384522000004,-2.81291576615602,-2.7046024255384578,-4.517518191694478,0.01135668746210377,-485.83869285,0.3807233696616944,IE,
S,1.0,16.0,15.0,-248.54727944,201.93534197,-487.19326144,36.71064003,50.039080952,-13.328440922,-233.09242887,195.31857464,-452.98896624,24.577962727,36.364664486,-11.786701759000001,-397.41369716,397.25391744,-940.18222764,145.51461303,170.62975596,-25.115142931999998,9.0000000502,5.9999999981,15.000000047999999,3.0000000521,0.8576513260470079,84.22601114999998,-2.95095631440217,-2.767463704945976,-4.7184200193481445,0.011872816797878244,-481.63970831,0.8576513260470079,IE,
S,2.0,16.0,14.0,-244.42567683,200.69923847,-477.91470515,32.789789851,45.674648406,-12.884858555,-233.27681363,195.66460859,-453.65272804,24.711305811,36.526970218,-11.815664407,-396.5572305,396.36384787,-931.56743341,138.64635504,163.34687826,-24.700523218,7.9999998593,6.0000000027999985,13.999999862000001,1.9999998565,1.2810814532424837,81.14525995999998,-3.012199073001775,-2.8748051795630736,-4.887004252564847,0.012323578733901936,-477.70249046,1.2810814532424837,IE,
S,3.0,16.0,13.0,-239.46498296,198.93103967,-467.25512957,28.859106941,41.253155207,-12.394048265,-233.46880577,196.0899004,-454.42047277,24.861766598000003,36.704923264,-11.843156665999999,-395.27621355,395.02094035,-921.67560229,131.37844839,155.61565346,-24.237205076,6.9999999611,6.0000000175,12.999999979000002,0.99999994363,1.7353766031272682,77.65757517999992,-3.0836010834094685,-3.006388046869225,-5.089989130278694,0.0128770438387,-472.93378873,1.7353766031272682,IE,
S,4.0,16.0,12.0,-233.66257967,196.58690352,-455.27277681,25.023293621999997,36.893445623000005,-11.870152001,-233.66257967,196.58690352,-455.27277681,25.023293621999997,36.893445623000005,-11.870152001,-393.53826792,393.17380709,-910.54555397,123.83347897,147.57378307,-23.740304097,6.0000000019,6.0000000019,12.000000004,0.0,2.6677988398568986,73.78689142000002,-3.1667220989156006,-3.1667220989156006,-5.333444197831202,0.013552542745132491,-467.32515934,2.6677988398568986,IE,
S,5.0,16.0,11.0,-233.76283352,197.13272675,-456.18040394,25.284843666999997,37.085450218000005,-11.800606551,-226.37832147,193.2773494,-440.91347395,21.257803079000002,32.598168410999996,-11.340365333,-390.77061837,390.41007727,-897.09387757,115.91318192,139.05415383,-23.140971908,6.0000006838,4.9999999758,11.00000066,1.0000007081,3.2358845982276274,69.37053662,-3.3697711580423984,-3.2633208924137627,-5.6330920504561615,0.014415341854393169,-460.14115499,3.2358845982276274,IE,
S,6.0,16.0,10.0,-226.44194589,193.55471252,-441.29984234,21.303183933,32.661314974,-11.35813104,-226.44194589,193.55471252,-441.29984234,21.303183933,32.661314974,-11.35813104,-387.56126176,387.10942503,-882.59968469,107.9289979,130.64525998,-22.716262084,5.0000000237,5.0000000237,10.000000047,0.0,10.324869725022626,65.32263002000002,-3.4665160576154017,-3.4665160576154017,-5.933032115230803,0.015308630404100803,-452.88389178,10.324869725022626,IE,
Cl,0.0,17.0,17.0,-283.43342735,231.10300016,-553.76507572,39.228648205,53.51335134399999,-14.284703139000001,-277.76656527,228.56395419999998,-540.78599914,34.455479673,48.163107694,-13.707628021,-459.81143782,459.66695415,-1094.5510758,175.07268382,203.06501542,-27.992331592,8.9999997423,7.9999998812,16.999999623,0.99999986104,0.4765517535500628,101.3885548,-2.7955169881758684,-2.739624465679828,-4.535141453855696,0.009863046198583351,-561.19999262,0.4765517535500628,IE,
Cl,1.0,17.0,16.0,-284.34879614,232.39520259,-556.84862087,40.104622134,54.52795348300001,-14.423331349000001,-272.22571521,226.76527626,-529.5726119,30.581620435999998,43.815798788,-13.234178350999999,-459.34718417,459.16047729,-1086.421233,167.91357153,195.57108153,-27.657509995999998,8.999999989700001,7.0000001235,16.000000113,1.9999998662,0.8751351846871297,97.22732717999996,-2.9245769104973567,-2.7998889109233667,-4.724465821420723,0.010285174230375263,-556.57451135,0.8751351846871297,IE,
Cl,2.0,17.0,15.0,-285.17661616,233.82210715,-559.95290639,40.954183082,55.504130572,-14.54994749,-265.75571857,224.46654661,-517.00114729,26.77888211,39.501568232,-12.722686122999999,-458.48424119,458.28865379,-1076.9540541,160.18115909,187.45379288,-27.272633794,9.000000004,6.0000000041,15.000000007999999,3.0,1.4626231164386359,92.44809354,-3.084721439243213,-2.8746479066657455,-4.959369345908958,0.010816880713362951,-550.93233473,1.4626231164386359,IE,
Cl,3.0,17.0,14.0,-279.78562993,231.84752378,-547.88324171,36.250087997,50.254733193,-14.004645195,-265.95268283,224.91619963,-517.78858369,26.919701234,39.675211359,-12.755510125999999,-457.03143783,456.76372309,-1065.6718257000002,151.87666479,178.63682024,-26.760155449000006,8.0000000677,5.9999999961000015,14.000000064000002,2.0000000716,1.9565340381706784,88.70687493000008,-3.154046742721836,-2.9981067762771176,-5.152153518998954,0.011273083408575885,-545.7383127600001,1.9565340381706784,IE,
Cl,4.0,17.0,13.0,-273.51438058,229.26127287,-534.42561791,31.649964456,45.072418588999994,-13.422454132999999,-266.15027769,225.43628249,-518.65990427,27.073344089000006,39.858612357,-12.785268268,-455.07793368,454.69755435,-1053.0855217,143.31003371,169.51775609,-26.207722381,6.9999999672,6.0000000077,12.999999975,0.99999995949,2.487194284436354,84.58672459000002,-3.2335379092375374,-3.146478114385632,-5.380016023623169,0.011822186103636192,-539.66465827,2.487194284436354,IE,
Cl,5.0,17.0,12.0,-266.34804719,226.02312141,-519.60784844,27.236679836,40.050741091,-12.814061255,-266.34804719,226.02312141,-519.60784844,27.236679836,40.050741091,-12.814061255,-452.59461347,452.04624215,-1039.2156977,134.57484208,160.20296462,-25.628122548,5.9999999863,5.9999999863,11.999999973,0.0,3.562479520290487,80.10148090999995,-3.325132621321472,-3.325132621321472,-5.650265242642942,0.012484163696343831,-532.69609438,3.562479520290487,IE,
Cl,6.0,17.0,11.0,-266.43644561,226.63600756,-520.57704496,27.504591793000003,40.23916688,-12.734575087,-257.61929599,221.71963703,-502.36429373,23.025360716999998,35.239714928000005,-12.214354211,-448.92527066,448.35564361,-1022.9413389,125.66042466,150.60935399,-24.948929326,6.0000021294,4.9999999663,11.000002096,1.0000021632,4.196820635862905,75.13047094000002,-3.546316724445651,-3.428958886677784,-5.975275611123434,0.013310178779507593,-524.0557416,4.196820635862905,IE,
Cl,7.0,17.0,10.0,-257.68593893,222.0373298,-502.79604197,23.072773236,35.305818824,-12.233045588,-257.68593893,222.0373298,-502.79604197,23.072773236,35.305818824,-12.233045588,-444.76024172,444.07465885,-1005.5920847,116.75718416,141.22327534,-24.466091183000003,4.9999999685,4.9999999685,9.999999937,0.0,12.80001023101195,70.61163614000003,-3.649341001235153,-3.649341001235153,-6.298682002470306,0.014161971803306238,-515.37187786,12.80001023101195,IE,
Ar,0.0,18.0,18.0,-321.52781961,263.51274746,-627.62070505,42.58013799,57.934785614,-15.354647624000002,-321.52781961,263.51274746,-627.62070505,42.58013799,57.934785614,-15.354647624000002,-527.18606903,527.02549657,-1255.2414136,201.02984795,231.73914353,-30.709295581,8.999999496000001,8.999999496000001,17.999998992000002,0.0,0.5791550922372215,115.86957019,-2.7749116449018216,-2.7749116449018216,-4.549823289803644,0.008630393625869374,-643.05563922,0.5791550922372215,IE,
Ar,1.0,18.0,17.0,-322.50975591,264.94272009,-630.90752096,43.455044955,58.956227864,-15.501182909,-315.49248204,261.46149667,-614.88926733,37.93528862,52.760366628,-14.825078007,-526.62027148,526.40421503,-1245.796787,192.77230044,223.09856159,-30.326261151,8.9999998674,7.9999999409,16.999999808,0.99999992648,1.0153717095872137,111.38196647000008,-2.8955293763543466,-2.8325274911084968,-4.728056867462843,0.00897811406722957,-638.0022379500001,1.0153717095872137,IE,
Ar,2.0,18.0,16.0,-323.39315715,266.49331502,-634.18329859,44.29682641300001,59.932824881,-15.635998469,-308.50301333,258.88756804,-600.76392685,33.373345476,47.630070563000004,-14.256725087000001,-525.61849631,525.38088208,-1234.947226,183.94784762,213.84057134,-29.892723721,9.000000001,7.0000000963,16.000000097,1.9999999047,1.496983734877584,106.27767416999995,-3.0429077383901517,-2.9028017007271334,-4.945709439117285,0.009409313929851504,-631.8961704799998,1.496983734877584,IE,
Ar,3.0,18.0,15.0,-324.19088234,268.1570699,-637.45906998,45.111117746000005,60.86930044100001,-15.758182695,-300.52817328,255.71524645,-585.21795835,28.974538613000004,42.632195537,-13.657656924000001,-524.13762538,523.87231553,-1222.6770286,174.66708771,204.08292743,-29.415839720999998,9.0000000243,5.9999999965,15.000000020999998,3.0000000278,2.189524755713918,100.58143023999992,-3.223168347938977,-2.9879091256000443,-5.211077473539022,0.009942193082896858,-624.71905562,2.189524755713918,IE,
Ar,4.0,18.0,14.0,-317.44534339,265.31778861,-622.42779451,39.664662503,54.781958686,-15.117296182999999,-300.73195265,256.26127359,-586.11216595,29.118939705,42.812290839,-13.693351134,-521.96809502,521.57906106,-1208.5399604,164.99280432,193.80345171,-28.810647382,8.000000065,5.9999999988,14.000000064000002,2.0000000662,2.7503194480971738,96.20920102000002,-3.29953206163732,-3.1258128064849395,-5.425344868122259,0.0103940162624583,-618.17729604,2.7503194480971738,IE,
Ar,5.0,18.0,13.0,-309.76644502,261.79161766,-605.97428106,34.416218384000004,48.862939347,-14.446720962,-300.93407677,256.87306273,-587.08205104,29.274911545,43.000032319,-13.725120774,-519.22480657,518.66467937,-1193.0563326,155.16684666,183.33868844,-28.17184179,7.0000000738,5.9999999991,13.000000072999999,1.0000000747,3.3548458366754548,91.47571521999998,-3.3863243842915978,-3.2897701433243847,-5.676094527615984,0.010931863146355187,-610.70052179,3.3548458366754548,IE,
Ar,6.0,18.0,12.0,-301.13595179,257.54783083,-588.12348155,29.439698925,43.195569395,-13.75587047,-301.13595179,257.54783083,-588.12348155,29.439698925,43.195569395,-13.75587047,-515.8807649,515.09566161,-1176.2469635,145.27053696,172.78227795,-27.511740986,6.0000000032,6.0000000032,12.000000005999999,0.0,4.571983465229415,86.39113867999994,-3.4857273140643854,-3.4857273140643854,-5.971454628128772,0.011575261251088315,-602.27190358,4.571983465229415,IE,
Ar,7.0,18.0,11.0,-301.21426263,258.22779642,-589.15678837,29.714729333,43.381752798,-13.667023465,-290.85860829,252.14446536,-567.79304264,24.789968996,37.877727097,-13.087758100999999,-511.19662862,510.3722624,-1156.9498322000004,135.38094117,162.13572278,-26.754781601999998,6.0000001176,4.9999999975,11.000000115,1.0000001201,5.271936824824183,80.8762423,-3.724384987035928,-3.5963417688361123,-6.320726755872038,0.01236457050379058,-592.07287092,5.271936824824183,IE,
Ar,8.0,18.0,10.0,-290.92800869,252.50365948,-568.27091944,24.839251266999998,37.946532167,-13.107280900000001,-290.92800869,252.50365948,-568.27091944,24.839251266999998,37.946532167,-13.107280900000001,-505.96295294,505.00731896,-1136.5418389,125.57156698,151.78612879,-26.214561813000003,4.9999998816,4.9999998816,9.9999997632,0.0,15.53026454791376,75.89306444000005,-3.833393879094228,-3.833393879094228,-6.666787758188456,0.013176434597532762,-581.85601738,15.53026454791376,IE,
He,-1.0,2.0,3.0,-1.9214885632,2.6907681369,-5.0324653573,0.42020865724,1.3225542115,-0.90234555427,-1.9093062627,1.2397943235,-3.1128829049,-0.036217681352,0.46730463183,-0.5035223131800001,-2.2792437766,3.9305609881,-8.1453482196,1.9355434549,3.3414114036,-1.4058679487,1.9999999559,0.99999999823,2.9999999541,0.99999995768,,1.5515510493,-1.2384307716248857,-1.230579079922253,-1.4690098515471386,0.6445163376681428,-3.8307948259,-0.0,AE,0.0
Li,-1.0,3.0,4.0,-4.9218099172,3.7388152094,-8.8844128207,0.22378769412,1.1864371216,-0.96264942747,-4.9218099172,3.7388152094,-8.8844128207,0.22378769412,1.1864371216,-0.96264942747,-7.470746042000001,7.4776298458,-17.768825471,2.8204495833,4.7457484247,-1.9252988414,1.9995525594,1.9995525594,3.9991051187,0.0,,2.3728737923999987,-2.074197933730781,-2.074197933730781,-3.1483958674615624,0.4214299147316085,-9.8436198344,-0.022711082561785858,AE,0.022711082561785858
Be,-1.0,4.0,5.0,-9.6444408656,7.4393787634000015,-17.979707839,0.89588821021,2.4666460942,-1.570757884,-9.0611720989,7.214785976,-16.648757078,0.37279900306,1.7406904178,-1.3678914147,-14.627058437,14.654177212999999,-34.628467420999996,5.3472317705000005,8.2858812817,-2.9386495112,2.999998208,1.9999996544,4.9999978623,0.9999985536,,4.078554527499998,-2.3646713070945955,-2.2216626105656507,-3.586333917660246,0.24518490393040368,-18.7056129645,-0.0,AE,0.0
B,-1.0,5.0,6.0,-16.567504374000002,12.884602848,-31.828275194,2.3761679722,4.7633715299,-2.3872035577,-14.413041650999999,11.797147829000002,-26.721031224,0.5108417439,2.2743071155,-1.7634653716,-24.652161868,24.681751824000006,-58.54930637,9.2153926776,13.366062434000002,-4.1506697562,3.9999999051,2.000000053,5.999999958099999,1.999999852,,6.328384157000003,-2.6179675511124305,-2.2775231865558174,-3.895490737668249,0.15801822000547674,-30.980546025000002,-0.010253061544883908,AE,0.010253061544883908
C,-1.0,6.0,7.0,-26.065601854,20.492923000999998,-51.601382113999996,5.0428572588,8.4804881535,-3.4376308946,-20.960588406,17.444080622,-39.049644118,0.64497509051,2.7858846460000004,-2.1409095555,-37.879006115,37.937003172,-90.651026218,14.835016930999998,20.413557852,-5.5785409208,4.9999997429,1.9999999821,6.999999725,2.9999997608,,9.147184144999997,-2.8495765954649435,-2.2914798777126846,-4.141056473177628,0.10932326103291762,-47.02619026,-0.0463776475614462,AE,0.0463776475614462
N,-3.0,7.0,10.0,-35.777368462,27.447832589,-68.501363326,5.2761622757,9.0982525281,-3.8220902524,-35.777368462,27.447832589,-68.501363326,5.2761622757,9.0982525281,-3.8220902524,-53.358233199,54.895662099,-137.00272545,28.748830156999997,36.3930114,-7.6441812427,5.0000004548,5.0000004548,10.00000091,0.0,,18.196503725,-1.9661671825915557,-1.9661671825915557,-2.9323343651831113,0.05495561208421097,-71.554736924,0.4079553688273377,AE,-0.4079553688273377
N,-2.0,7.0,9.0,-36.289069318,28.11844683,-70.10794599,5.7004298426,9.661382027,-3.9609521844,-34.129465978,26.674055329,-64.31511625600001,3.5115949489,6.941574921900001,-3.429979973,-54.115021688999995,54.79250302,-134.42306422,25.515539515,32.906472387,-7.3909328721,5.0000001982,4.000000303,9.0000005011,0.99999989522,,16.303513607000006,-2.2258434710919666,-2.093381022072832,-3.3192244931647985,0.06133647164072929,-70.418535296,0.2565656811765678,AE,-0.2565656811765678
N,-1.0,7.0,8.0,-36.83068278,29.019143441,-72.094518459,6.244692238300001,10.381622319,-4.1369300811,-31.852300642,25.665528621999997,-59.520272498999994,2.0024432353,5.0074022908,-3.0049590554,-54.535744828999995,54.684672672,-131.61479193,22.394374432,29.536264454,-7.141890021699999,4.9999999955000005,2.999999987,7.9999999825,2.0000000085,,14.147238592999996,-2.6033831646992716,-2.251485364625179,-3.8548685293244502,0.07068517247562338,-68.68298342199999,-0.0025724527173543853,AE,0.0025724527173543853
O,-2.0,8.0,10.0,-48.659990969,37.689578171,-93.102521777,6.752952637000001,11.349207545,-4.5962549081,-48.659990969,37.689578171,-93.102521777,6.752952637000001,11.349207545,-4.5962549081,-74.621566756,75.37915648,-186.20504378,36.204320543,45.39683060300001,-9.1925100595,4.9999999414,4.9999999414,9.9999998828,0.0,,22.698415181999987,-2.143761605329509,-2.143761605329509,-3.2875232106590184,0.044055939235484926,-97.319981938,0.28365646738775824,AE,-0.28365646738775824
O,-1.0,8.0,9.0,-49.382578906999996,38.850800518,-95.585977795,7.35259837,12.147372528,-4.7947741582,-45.989329276999996,36.380184111,-86.851482679,4.481969291,8.5770503814,-4.0950810904,-75.047523292,75.230984773,-182.43746082,32.158952757,41.048808736,-8.8898559785,4.9999999274,3.9999998438,8.9999997712,1.0000000836,,20.324384892,-2.42972071083134,-2.2627661068897647,-3.692486817721105,0.04920198103479214,-95.37190818399999,-0.05369076314363939,AE,0.05369076314363939
F,-1.0,9.0,10.0,-63.735147011,49.990950323999996,-122.15231208,8.4262147395,13.859373592999999,-5.4331588536,-63.735147011,49.990950323999996,-122.15231208,8.4262147395,13.859373592999999,-5.4331588536,-99.751547735,99.981900091,-244.30462465,44.571176825,55.437494756999996,-10.866317932000001,4.9999999271,4.9999999271,9.9999998541,0.0,,27.718746287,-2.2993517221553263,-2.2993517221553263,-3.5987034443106523,0.036076667741246175,-127.470294022,-0.12498445273888947,AE,0.12498445273888947
Ne,-1.0,10.0,11.0,-82.967998658,66.873789442,-162.94014225,13.098354152999999,19.859265657999998,-6.7609115051,-80.513733485,63.512726595,-153.92624914,9.8997890585,16.102072591,-6.2022835324,-127.79651428,130.38651384,-316.86638991,58.683361785,71.646557307,-12.963195522000001,6.0000002627,5.0000000815,11.000000344000002,1.0000001812,,35.68521786299999,-2.3249962765121546,-2.2562208753804525,-3.5812171518926066,0.028022807758639023,-163.481732143,-0.0,AE,0.0
Na,-1.0,11.0,12.0,-101.47979482,80.947241758,-195.87778455,13.45074797,20.528588657,-7.0778406871,-101.47979482,80.947241758,-195.87778455,13.45074797,20.528588657,-7.0778406871,-161.90241399,161.89448433,-391.75557112,67.958672803,82.114354138,-14.155681335999999,5.9987847876,5.9987847876,11.997569575,0.0,,41.05717564999998,-2.4716701335007696,-2.4716701335007696,-3.9433402670015396,0.024356278389061587,-202.95958964,-0.02010188051989784,AE,0.02010188051989784
Mg,-1.0,12.0,13.0,-125.01481465,99.930452227,-242.03159991,17.086333037,25.276463687,-8.1901306501,-123.71054695,99.760964572,-239.29182461,15.820313095,23.862556093000002,-8.0422429982,-199.68007082,199.69141605,-481.32342352,81.951936647,98.184310313,-16.232373665999994,6.9996090721,5.9999881673000015,12.999597239000002,0.99962090482,,49.04529077999999,-2.548966733845513,-2.5223736057539594,-4.071340339599472,0.020389317385957607,-248.72536159999999,-0.0,AE,0.0
Al,-1.0,13.0,14.0,-151.98540668,121.46172150000001,-295.33259926,21.885471079000002,31.343351801,-9.4578807213,-147.88555641,120.55112003,-286.45731871,18.020642271,27.005131458,-8.9844891874,-242.01925571,242.01284183,-581.78991859,97.757821046,116.20019151,-18.442370465,7.9999992408,6.0000000289,13.99999927,1.999999212,,57.85170738000002,-2.627155075677906,-2.5562868082459684,-4.183441883923875,0.01728557453683227,-299.87096309000003,-0.01587570819852992,AE,0.01587570819852992
Si,-1.0,14.0,15.0,-182.44527636,145.72727025,-356.08965519,27.917108584,38.770522113,-10.853413529000001,-174.12128703,143.3406331,-337.63542669,20.173506547,30.08651988,-9.9130133335,-289.07760252,289.0679055,-693.72508212,115.57957409,136.34600134,-20.766427241,8.999999946299997,5.9999999694,14.999999915999998,2.9999999769,,67.48896086999997,-2.7033350937412366,-2.579996562184438,-4.283331655925674,0.014817238065440679,-356.56656339,-0.05104481177721773,AE,0.05104481177721773
P,-3.0,15.0,18.0,-212.06813092,170.56309497,-412.82364069999994,30.192414815,41.971931696999995,-11.779516882000001,-212.06813092,170.56309497,-412.82364069999994,30.192414815,41.971931696999995,-11.779516882000001,-340.19239996,341.12619748,-825.64729117,144.32869373,167.8877281,-23.55903437,9.000001607,9.000001607,18.000003214,0.0,,83.94386187999999,-2.5263089661416473,-2.5263089661416473,-4.052617932283295,0.011912723308221474,-424.13626184,0.33783803981013905,AE,-0.33783803981013905
P,-2.0,15.0,17.0,-212.71571935,171.04755169999999,-414.54052174,30.777250698000003,42.6435419,-11.866291202000001,-209.49404245,170.01319486,-407.08031397,27.573076651999997,39.067804707,-11.494728055,-340.68863392,341.06074899,-821.62083382,139.87145091,163.23247081,-23.361019899000002,8.9999999584,8.000000072799999,17.000000031,0.99999988559,,81.52112788000005,-2.609332388814833,-2.569812855857164,-4.179145244671997,0.012266758642888386,-422.2097618,0.17848047386196025,AE,-0.17848047386196025
P,-1.0,15.0,16.0,-213.4718437,171.7043245,-416.68036403,31.50419583,43.476492431000004,-11.972296600999998,-206.34868134,169.2681246,-400.58355116,24.966745216,36.153725703,-11.186980488,-340.94390043,340.97245072,-817.26391378,135.34756262,158.50684023,-23.159277608000004,8.9999999628,7.000000174299999,16.000000137,1.9999997885,,78.87662461000002,-2.7064018618379864,-2.6160942149879856,-4.3224960768259715,0.012678027298257632,-419.82052504,-0.02743337076435784,AE,0.02743337076435784
S,-2.0,16.0,18.0,-245.90560461,198.97249483,-479.04252026,34.164420819,47.103912162,-12.939491344,-245.90560461,198.97249483,-479.04252026,34.164420819,47.103912162,-12.939491344,-397.60338446,397.9449903,-958.08504138,162.53666663,188.41564987,-25.878983245,8.9999999351,8.9999999351,17.99999987,0.0,,94.20782476000004,-2.610246072833748,-2.610246072833748,-4.220492145667496,0.010614829527669902,-491.81120922,0.17369974688351486,AE,-0.17369974688351486
S,-1.0,16.0,17.0,-246.7862191,199.78315498,-481.52555996,34.956185880999996,48.01995532300001,-13.063769442,-242.38325687,198.06450276,-471.40868708,30.960927451,43.550882953,-12.589955502,-397.83730107,397.84765866,-952.93424695,157.24928722,182.90301265,-25.653725421999997,8.9999999086,8.0000000214,16.99999993,0.99999988722,,91.33217489999998,-2.7020731672075846,-2.6538649400979066,-4.355938107305491,0.010949043982527565,-489.16947597,-0.07632834705635796,AE,0.07632834705635796
Cl,-1.0,17.0,18.0,-282.45376924,229.96403533,-550.77028401,38.352479435999996,52.493975567,-14.141496130999998,-282.45376924,229.96403533,-550.77028401,38.352479435999996,52.493975567,-14.141496130999998,-459.91958973,459.92807053,-1101.5405709,181.69291067,209.97590341,-28.282992743,8.999999797300001,8.999999797300001,17.999999595,0.0,,104.98794875,-2.690344678631508,-2.690344678631508,-4.380689357263016,0.009524902733181555,-564.90753848,-0.13273856021548627,AE,0.13273856021548627
